entry,species_ID,picture,length_cm,mass_g,date,date_caught,location,mp_per_stomach,notes,deepest_depth_m
4,Yellowtail,no,35,9.44,9/27/25,9/13,ML,2,,548.64
5,Vermillion,no,34,11.8,9/27/25,9/13,ML,1,,487.68
6,Yellowtail,no,33,19.18,9/27/25,9/13,ML,1,,548.64
7,Brown,no,36,16.24,9/27/25,9/13,ML,14,,304.8
8,Canary,no,37,11.92,9/27/25,9/13,ML,1,,213.36
10,Brown,no,32,5.12,9/27/25,9/13,ML,1,,304.8
11,Canary,no,41,16.05,9/27/25,9/13,ML,1,,213.36
13,Yellowtail,no,32,12,9/27/25,9/13,ML,0,0,548.64
15,Yellowtail,no,31,15.07,9/27/25,9/13,ML,2,Tissue taken,548.64
16,Yellowtail,no,37,8.88,9/27/25,9/13,ML,2,,548.64
17,Canary,no,39,19.65,9/27/25,9/13,ML,0,,213.36
19,Brown,no,31,14.7,9/27/25,9/13,ML,0,tissue taken,304.8
20,Yellowtail,no,36,4.07,9/27/25,9/13,ML,0,,548.64
22,Blue,,22,2.85,9/27/25,8/18,SC,0,tissue taken,156
24,Black,,27.5,3.26,9/27/25,8/30,SC,3,,366
25,Blue,,23.5,2.39,9/27/25,8/30,SC,0,small hair found ,156
26,Blue,,24,6.4,9/27/25,8/30,SC,0,,156
27,Blue,,27,6.78,9/27/25,8/30,SC,15,,156
28,Black,,33.5,3.16,9/27/25,8/30,SC,6,,366
29,Blue,,30,5.55,9/27/25,8/30,SC,0,,156
30,Vermillion,,26,8.75,9/27/25,8/30,SC,5,,487.68
31,Vermillion,,33.5,11.62,9/27/25,8/1,SC,2,,487.68
32,Yellowtail,,37,6.9,9/27/25,8/30,SC,0,,548.64
33,Copper,,24,3.74,9/27/25,8/30,SC,6,,408
34,Brown,,31,4.69,9/27/25,8/1,SC,2,,304.8
36,Blue,,29,16.25,9/27/25,8/18,SC,0,an entire piece of bead kelp!,156
37,Blue,,27.5,5.57,9/27/25,8/1,SC,1,,156
38,Black,,33,4.62,9/27/25,8/1,SC,8,,366
39,Blue,,29,10.74,9/27/25,8/18,SC,3,,156
41,Black,,32,5.56,9/27/25,8/30,SC,0,,366
42,Vermillion,,32,7.52,9/27/25,8/30,SC,1,,487.68
43,Black,,31.5,3.37,9/27/25,8/1,SC,2,,366
44,Yellowtail,,37,10.82,9/27/25,8/18,SC,7,,548.64
45,Black,,29.5,6.72,9/27/25,8/1,SC,0,,366
46,Brown,,36.5,11.75,9/27/25,8/1,SC,6,,304.8
47,Vermillion,,33,14.8,9/27/25,8/1,SC,0,,487.68
48,Vermillion,,37.5,12.72,9/27/25,8/1,SC,6,,487.68
50,Brown,,27.5,4.38,9/27/25,8/17,EV ,4,,304.8
51,Canary,,32,4.1,9/27/25,8/17,EV ,1,,213.36
53,Blue,,28.5,5.06,9/27/25,8/17,EV ,3,,156
55,Blue,,31,15.41,9/27/25,8/17,EV ,0,found undigested shrimp,156
57,China,,30,9.62,9/27/25,8/23,EV ,1,,128
59,Blue,,25.5,11.8,9/27/25,8/17,EV ,1,,156
61,Copper,,27,6.51,9/27/25,8/17,EV ,0,,408
62,Gopher,,29.5,7.62,9/27/25,8/17,EV ,2,tissue taken,88
63,Vermillion,,32.5,2.12,9/27/25,8/23,EV ,2,,487.68
64,Black,,32,4.45,9/27/25,8/23,EV ,0,,366
65,Black,,32.5,7.63,10/26/2025,8/23,EV ,5,,366
67,Canary,,31,7.57,10/26/25,8/17,EV ,9,,213.36
68,Blue,,33.5,13.73,10/26/25,8/17,EV,6,,156
70,Brown,,29,14.41,10/26/25,8/17,EV ,3,,304.8
72,Gopher,,26.5,5.53,10/26/25,8/27,EV,4,,88
73,Blue,,33.5,11.84,10/26/25,8/23,EV ,0,,156
74,Brown,,37.5,3.68,10/26/25,8/17,EV,2,,304.8
75,Brown,,31,18.92,10/26/25,8/23,EV,2,1 found on crab shell,304.8
76,Vermillion,,29.5,5.33,10/26/25,8/1,EV ,10,,487.68
77,Black,,33,4.45,10/26/25,8/23,EV,0,,366
81,China,,33.5,6.69,10/26/25,8/23,EV,39,,128
82,Yellowtail,,35.5,4.94,10/26/25,8/23,EV,5,,548.64
83,Blue,,27,5.94,10/26/25,8/9,PP,2,,156
84,Blue,,35.5,15.05,10/26/25,8/9,PP,0,,156
85,Gopher,,24.5,6.42,10/26/25,8/9,PP,3,,88
87,Blue,,27,4.72,10/26/25,8/9,PP,4,,156
88,Blue,,27.5,6.52,10/26/25,8/12,PP,1,,156
89,Blue,,27.5,6.07,10/26/25,8/9,PP,2,,156
90,Brown,,25,2.45,10/26/25,8/9,PP,1,,304.8
91,Blue,,30.5,8.06,10/26/25,8/12,PP,23,,156
92,Blue,,31.5,2.98,10/26/25,8/12,PP,7,,156
93,Copper ,,27.5,2.04,10/26/25,8/9,PP,1,,408
94,Blue,,26,2.11,10/26/25,8/9,PP,1,,156
95,Blue,,27.5,4.66,10/26/25,8/12,PP,0,,156
96,Yellowtail,,35,30.31,10/26/25,8/9,PP,0,fish in a fish in a fish,548.64